Ticker,Ex-Dividend Date,Yield,Period
CVLY,7/27/2020,5.30%,quarterly
FAST,7/27/2020,2.30%,quarterly
SAFM,7/27/2020,1.10%,quarterly
AMRB,7/28/2020,2.70%,quarterly
ATR,7/28/2020,1.22%,quarterly
CRWOY,7/28/2020,3.74%,annual
CFG,7/28/2020,6.20%,quarterly
CLX,7/28/2020,2.20%,quarterly
ENTG,7/28/2020,0.55%,quarterly
GBX,7/28/2020,4.20%,quarterly
HARL,7/28/2020,4.86%,quarterly
WST,7/28/2020,0.27%,quarterly
EMCB,7/28/2020,4.24%,monthly
HYZD,7/28/2020,5.16%,monthly
AGZD,7/28/2020,2.12%,monthly
DGRW,7/28/2020,1.40%,monthly
DGRS,7/28/2020,1.55%,monthly
AM,7/29/2020,21.39%,quarterly
BPMP,7/29/2020,12.35%,quarterly
ERF,7/29/2020,3.20%,monthly
FRC,7/29/2020,0.75%,quarterly
HMLP,7/29/2020,15.88%,quarterly
KNOP,7/29/2020,14.76%,quarterly
MSB,7/29/2020,1.27%,quarterly
PVBC,7/29/2020,1.45%,quarterly
SCSG,7/29/2020,3.28%,quarterly
AOS,7/30/2020,1.98%,quarterly
AGNC,7/30/2020,11.30%,jul 20
LNT,7/30/2020,3.15%,quarterly
ALLY,7/30/2020,3.47%,quarterly
DIT,7/30/2020,1.10%,quarterly
ATLO,7/30/2020,5.30%,quarterly
BMRC,7/30/2020,2.80%,quarterly
BRMK,7/30/2020,9.90%,monthly
CADE,7/30/2020,2.54%,quarterly
CSSEP,7/30/2020,10.30%,monthly
COST,7/30/2020,0.86%,quarterly
CRT,7/30/2020,5.98%,monthly
CCLP,7/30/2020,4.35%,quarterly
DCP,7/30/2020,11.60%,quarterly
DNP,7/30/2020,7.00%,monthly
EV,7/30/2020,4.00%,quarterly
EFC,7/30/2020,9.68%,monthly
ENLC,7/30/2020,14.30%,quarterly
EPD,7/30/2020,10.25%,quarterly
FTF,7/30/2020,11.40%,monthly
FT,7/30/2020,5.50%,monthly
GEL,7/30/2020,9.93%,quarterly
GECC,7/30/2020,22.30%,monthly
GPP,7/30/2020,6.58%,quarterly
AVAL,7/30/2020,6.80%,monthly
INFO,7/30/2020,0.90%,quarterly
IIPZF,7/30/2020,2.17%,monthly
KFFB,7/30/2020,6.10%,quarterly
MCBS,7/30/2020,2.67%,quarterly
MS,7/30/2020,2.67%,quarterly
MTBCP,7/30/2020,11.00%,monthly
NNN,7/30/2020,5.90%,quarterly
NBW,7/30/2020,4.10%,monthly
NBH,7/30/2020,5.00%,monthly
NBO,7/30/2020,4.00%,monthly
NYCB/PU,7/30/2020,,
NI,7/30/2020,3.64%,quarterly
NWN,7/30/2020,3.61%,quarterly
OVBC,7/30/2020,4.06%,quarterly
OSBC,7/30/2020,0.51%,quarterly
OHI,7/30/2020,8.89%,quarterly
ORC,7/30/2020,15.16%,monthly
PBT,7/30/2020,2.08%,monthly
PETS,7/30/2020,3.36%,quarterly
PFE,7/30/2020,4.74%,quarterly
PSXP,7/30/2020,11.55%,quarterly
PAA,7/30/2020,8.20%,quarterly
PAGP,7/30/2020,8.10%,quarterly
PLBC,7/30/2020,1.10%,quarterly
PSEC,7/30/2020,16.30%,monthly
SACH,7/30/2020,13.70%,quarterly
BSRR,7/30/2020,4.55%,quarterly
SBNY,7/30/2020,2.10%,quarterly
SLG,7/30/2020,7.65%,monthly
STAG,7/30/2020,4.91%,monthly
TRGP,7/30/2020,2.16%,quarterly
TGP,7/30/2020,8.90%,quarterly
TVE,7/30/2020,3.30%,quarterly
TXN,7/30/2020,2.72%,quarterly
UVE,7/30/2020,3.72%,quarterly
UNM,7/30/2020,6.52%,quarterly
USAC,7/30/2020,16.59%,quarterly
VRTS,7/30/2020,3.30%,quarterly
WES,7/30/2020,13.03%,quarterly
AES,7/31/2020,3.76%,quarterly
AB,7/31/2020,9.70%,quarterly
ASRV,7/31/2020,3.40%,quarterly
AON,7/31/2020,0.89%,quarterly
MCI,7/31/2020,7.10%,quarterly
BX,7/31/2020,1.80%,quarterly
BMTC,7/31/2020,3.81%,quarterly
CASY,7/31/2020,0.79%,quarterly
CNBKA,7/31/2020,0.76%,quarterly
C,7/31/2020,3.92%,quarterly
DGICA,7/31/2020,4.38%,quarterly
DGICB,7/31/2020,4.71%,quarterly
DMLP,7/31/2020,13.80%,quarterly
EVTC,7/31/2020,0.60%,quarterly
FFDF,7/31/2020,3.06%,quarterly
FBIZ,7/31/2020,4.50%,quarterly
FCCO,7/31/2020,3.60%,quarterly
HAS,7/31/2020,4.20%,quarterly
HEP,7/31/2020,10.30%,quarterly
HFBL,7/31/2020,2.74%,quarterly
KRP,7/31/2020,12.70%,quarterly
KMI,7/31/2020,7.05%,quarterly
LBAI,7/31/2020,4.63%,quarterly
LCUT,7/31/2020,2.50%,quarterly
MATW,7/31/2020,4.30%,quarterly
NSEC,7/31/2020,1.58%,quarterly
NRG,7/31/2020,3.56%,quarterly
NVEC,7/31/2020,6.94%,quarterly
OVLY,7/31/2020,2.30%,semi-annual
OCFC,7/31/2020,4.30%,quarterly
OKE,7/31/2020,12.68%,quarterly
ORRF,7/31/2020,4.79%,quarterly
PAYX,7/31/2020,3.41%,quarterly
PEBO,7/31/2020,6.57%,quarterly
PBCT,7/31/2020,6.30%,quarterly
PNW,7/31/2020,4.05%,quarterly
RBB,7/31/2020,1.90%,quarterly
O,7/31/2020,4.80%,aug 20
RELX,7/31/2020,2.70%,semi-annual
SXT,7/31/2020,2.76%,quarterly
STL,7/31/2020,2.37%,quarterly
SYF,7/31/2020,3.84%,quarterly
TCP,7/31/2020,8.50%,quarterly
TMP,7/31/2020,3.20%,quarterly
WABC,7/31/2020,2.70%,quarterly
ARDC,7/20/2020,9.59%,monthly
CIVB,7/20/2020,3.11%,quarterly
GLV,7/20/2020,13.40%,monthly
GLQ,7/20/2020,11.70%,monthly
GLO,7/20/2020,11.70%,monthly
QYLD,7/20/2020,11.96%,monthly
PLW,7/20/2020,0.57%,monthly
BSML,7/20/2020,0.71%,monthly
BSMM,7/20/2020,0.90%,monthly
BSMN,7/20/2020,1.13%,monthly
BSMO,7/20/2020,1.32%,monthly
BSMP,7/20/2020,1.40%,monthly
BSMQ,7/20/2020,1.75%,monthly
BSMR,7/20/2020,1.75%,monthly
BSMS,7/20/2020,1.81%,monthly
BSMT,7/20/2020,1.86%,monthly
PEY,7/20/2020,5.21%,monthly
KBWD,7/20/2020,11.02%,monthly
KBWY,7/20/2020,13.97%,monthly
VRIG,7/20/2020,1.17%,monthly
HNW,7/20/2020,9.40%,monthly
PHD,7/20/2020,7.58%,monthly
PHT,7/20/2020,10.63%,monthly
MAV,7/20/2020,4.82%,monthly
MHI,7/20/2020,4.67%,monthly
APA,7/21/2020,0.94%,quarterly
CMRE,7/21/2020,7.80%,quarterly
FTHI,7/21/2020,4.80%,monthly
FCAL,7/21/2020,2.16%,monthly
FEMB,7/21/2020,5.40%,monthly
HYLS,7/21/2020,5.21%,monthly
FTLB,7/21/2020,3.25%,monthly
LMBS,7/21/2020,2.32%,monthly
LDSF,7/21/2020,2.42%,monthly
FMB,7/21/2020,2.20%,monthly
MDIV,7/21/2020,3.54%,monthly
FMHI,7/21/2020,3.26%,monthly
FTSL,7/21/2020,3.40%,monthly
FDIV,7/21/2020,4.61%,monthly
FIXD,7/21/2020,1.95%,monthly
FUL,7/21/2020,1.60%,quarterly
LOW,7/21/2020,1.72%,quarterly
SUNS,7/21/2020,9.70%,monthly
AGX,7/22/2020,2.10%,none
BGH,7/22/2020,11.50%,monthly
BIF,7/22/2020,4.40%,quarterly
BCAUY,7/22/2020,4.53%,annual
COO,7/22/2020,,semi-annual
CVS,7/22/2020,3.19%,quarterly
DX,7/22/2020,11.02%,monthly
FSLF,7/22/2020,8.00%,monthly
FEN,7/22/2020,21.50%,quarterly
LTC,7/22/2020,5.89%,monthly
NECB,7/22/2020,1.39%,quarterly
BGB,7/23/2020,10.90%,monthly
BSL,7/23/2020,9.40%,monthly
BRBS,7/23/2020,3.70%,quarterly
COKE,7/23/2020,0.44%,quarterly
EVT,7/23/2020,8.99%,monthly
EVM,7/23/2020,4.50%,monthly
EFF,7/23/2020,5.34%,monthly
EFT,7/23/2020,5.95%,monthly
ETX,7/23/2020,4.14%,monthly
EIM,7/23/2020,4.60%,monthly
ENX,7/23/2020,4.50%,monthly
ETJ,7/23/2020,9.48%,monthly
EFR,7/23/2020,6.83%,monthly
EVG,7/23/2020,7.92%,monthly
ETV,7/23/2020,9.49%,monthly
ETY,7/23/2020,9.29%,monthly
ETO,7/23/2020,8.16%,monthly
ETG,7/23/2020,8.53%,monthly
ETB,7/23/2020,9.21%,monthly
ETW,7/23/2020,9.97%,monthly
EXG,7/23/2020,10.01%,monthly
BUSE,7/23/2020,5.14%,quarterly
FFWM,7/23/2020,1.70%,quarterly
DFP,7/23/2020,7.70%,monthly
PFD,7/23/2020,6.90%,monthly
FLC,7/23/2020,7.80%,monthly
FFC,7/23/2020,7.40%,monthly
GLAD,7/23/2020,10.88%,monthly
GOOD,7/23/2020,8.08%,monthly
GAIN,7/23/2020,8.55%,monthly
LAND,7/23/2020,3.35%,monthly
HFRO,7/23/2020,11.70%,monthly
J,7/23/2020,0.97%,quarterly
KALU,7/23/2020,3.87%,quarterly
LKFN,7/23/2020,2.60%,quarterly
USA,7/23/2020,9.50%,quarterly
ASG,7/23/2020,7.50%,quarterly
MGU,7/23/2020,4.98%,monthly
HIE,7/23/2020,7.88%,monthly
MVC,7/23/2020,10.80%,quarterly
NHF,7/23/2020,11.66%,monthly
NVT,7/23/2020,4.11%,quarterly
PBA,7/23/2020,7.80%,monthly
PNR,7/23/2020,2.23%,quarterly
PBR.A,7/23/2020,3.90%,--
PG,7/23/2020,2.53%,quarterly
PIM,7/23/2020,8.80%,monthly
PMO,7/23/2020,5.00%,monthly
PPT,7/23/2020,8.86%,monthly
UTG,7/23/2020,7.00%,monthly
TYG,7/23/2020,7.80%,quarterly
TEAF,7/23/2020,8.50%,monthly
NTG,7/23/2020,7.70%,quarterly
TPZ,7/23/2020,6.80%,monthly
EMD,7/23/2020,10.30%,monthly
GDO,7/23/2020,7.70%,monthly
EHI,7/23/2020,9.10%,monthly
HIX,7/23/2020,10.30%,monthly
HYI,7/23/2020,8.40%,monthly
WIA,7/23/2020,3.20%,monthly
SBI,7/23/2020,3.40%,monthly
PAI,7/23/2020,4.20%,monthly
MMU,7/23/2020,4.70%,monthly
DMO,7/23/2020,11.60%,monthly
MTT,7/23/2020,3.30%,monthly
MHF,7/23/2020,4.30%,monthly
MNP,7/23/2020,4.20%,monthly
WEA,7/23/2020,6.10%,monthly
GFY,7/23/2020,6.30%,monthly
HIO,7/23/2020,8.70%,monthly
WIW,7/23/2020,3.60%,monthly
WSM,7/23/2020,2.31%,quarterly
BK,7/24/2020,3.18%,quarterly
BCO,7/24/2020,1.49%,quarterly
CE,7/24/2020,2.70%,quarterly
CZNC,7/24/2020,5.80%,quarterly
CLB,7/24/2020,0.20%,quarterly
DHC,7/24/2020,0.95%,quarterly
SVC,7/24/2020,0.57%,quarterly
ILPT,7/24/2020,6.45%,quarterly
MMC,7/24/2020,1.68%,quarterly
OPI,7/24/2020,8.78%,quarterly
RMR,7/24/2020,5.15%,quarterly
RY,7/24/2020,4.60%,quarterly
SAR,7/24/2020,9.92%,quarterly
SLP,7/24/2020,0.38%,quarterly
SPFI,7/24/2020,0.90%,quarterly
SGU,7/24/2020,5.90%,quarterly
TRMT,7/24/2020,1.41%,quarterly
UNB,7/24/2020,6.92%,quarterly
VALU,7/24/2020,3.30%,quarterly
WMK,7/24/2020,2.50%,quarterly
SRCE,8/3/2020,3.23%,quarterly
FIF,8/3/2020,7.24%,monthly
FIV,8/3/2020,2.59%,monthly
BMO,8/3/2020,5.88%,quarterly
BANR,8/3/2020,4.37%,quarterly
BKEPP,8/3/2020,12.40%,quarterly
BKEP,8/3/2020,11.11%,quarterly
CJEWY,8/3/2020,,semi-annual
CAG,8/3/2020,2.31%,quarterly
CAPL,8/3/2020,15.54%,quarterly
EWBC,8/3/2020,3.10%,quarterly
ETRN,8/3/2020,6.30%,quarterly
FDEU,8/3/2020,6.75%,monthly
FSD,8/3/2020,9.77%,monthly
FPF,8/3/2020,7.48%,monthly
FEI,8/3/2020,10.89%,monthly
FPL,8/3/2020,10.88%,monthly
FCT,8/3/2020,11.68%,monthly
FAM,8/3/2020,9.55%,monthly
FMY,8/3/2020,5.27%,monthly
IBCP,8/3/2020,6.00%,quarterly
ITUB,8/3/2020,2.60%,monthly
LMRK,8/3/2020,8.22%,quarterly
MET,8/3/2020,5.00%,quarterly
SHLX,8/3/2020,15.70%,quarterly
SRLP,8/3/2020,15.57%,quarterly
SPH,8/3/2020,8.65%,quarterly
USDP,8/3/2020,14.61%,quarterly
VLO,8/3/2020,6.85%,quarterly
IGD,8/3/2020,9.74%,monthly
IID,8/3/2020,8.59%,monthly
WCN,8/3/2020,0.74%,quarterly
WSR,8/3/2020,5.80%,monthly
BBD,8/4/2020,4.00%,monthly
BBDO,8/4/2020,3.10%,monthly
NTB,8/4/2020,6.60%,quarterly
BRO,8/4/2020,0.75%,quarterly
COLB,8/4/2020,3.70%,quarterly
EIG,8/4/2020,2.93%,quarterly
HFWA,8/4/2020,3.81%,quarterly
IDA,8/4/2020,2.93%,quarterly
MKTX,8/4/2020,0.45%,quarterly
NFBK,8/4/2020,4.18%,quarterly
SFBC,8/4/2020,2.22%,quarterly
WBS,8/4/2020,5.82%,quarterly
WTBA,8/4/2020,5.00%,quarterly
AMG,8/5/2020,0.10%,quarterly
AWI,8/5/2020,1.00%,quarterly
BXG,8/5/2020,,none
DCOM,8/5/2020,4.70%,quarterly
FELE,8/5/2020,1.15%,quarterly
FSBW,8/5/2020,2.26%,quarterly
HTBK,8/5/2020,7.19%,quarterly
HESM,8/5/2020,9.80%,quarterly
KCLI,8/5/2020,4.00%,quarterly
KBH,8/5/2020,1.18%,quarterly
LSBK,8/5/2020,4.20%,quarterly
MATX,8/5/2020,3.35%,quarterly
NEP,8/5/2020,3.60%,quarterly
NGL,8/5/2020,16.99%,quarterly
NWBI,8/5/2020,7.80%,quarterly
OFED,8/5/2020,1.54%,quarterly
OPBK,8/5/2020,4.40%,quarterly
RELL,8/5/2020,5.71%,quarterly
SIMO,8/5/2020,3.10%,quarterly
SXI,8/5/2020,1.56%,quarterly
VBTX,8/5/2020,4.00%,quarterly
WTFC,8/5/2020,2.51%,quarterly
WSFS,8/5/2020,1.72%,quarterly
AWF,8/6/2020,7.60%,monthly
AFB,8/6/2020,4.70%,monthly
ARCB,8/6/2020,0.99%,quarterly
ARTNA,8/6/2020,2.80%,quarterly
BCBP,8/6/2020,6.40%,quarterly
BPFH,8/6/2020,3.90%,quarterly
BRKL,8/6/2020,4.57%,quarterly
CFFN,8/6/2020,3.42%,quarterly
CVCY,8/6/2020,3.19%,quarterly
SCHW,8/6/2020,2.06%,quarterly
CQP,8/6/2020,7.30%,quarterly
CIT,8/6/2020,7.02%,quarterly
CMS,8/6/2020,2.70%,quarterly
CNXM,8/6/2020,16.50%,quarterly
CBAN,8/6/2020,3.80%,quarterly
CMCO,8/6/2020,0.72%,quarterly
CXO,8/6/2020,1.55%,quarterly
CEQP,8/6/2020,18.48%,quarterly
DKL,8/6/2020,12.82%,quarterly
DHF,8/6/2020,9.89%,monthly
ET,8/6/2020,18.30%,quarterly
FRBA,8/6/2020,1.80%,quarterly
FCF,8/6/2020,5.56%,quarterly
FCBC,8/6/2020,4.86%,quarterly
FIBK,8/6/2020,4.64%,quarterly
FE,8/6/2020,4.18%,quarterly
FRAF,8/6/2020,4.80%,quarterly
GMLP,8/6/2020,,quarterly
HTLF,8/6/2020,2.57%,quarterly
HSII,8/6/2020,2.83%,quarterly
HMST,8/6/2020,2.30%,quarterly
INTC,8/6/2020,2.24%,quarterly
JBHT,8/6/2020,0.81%,quarterly
JBSS,8/6/2020,2.88%,annual
LW,8/6/2020,1.34%,quarterly
LBC,8/6/2020,2.40%,quarterly
MMP,8/6/2020,9.82%,quarterly
MMLP,8/6/2020,0.93%,quarterly
MPLX,8/6/2020,15.03%,quarterly
NYCB,8/6/2020,6.50%,quarterly
NXST,8/6/2020,2.64%,quarterly
NBLX,8/6/2020,24.70%,quarterly
NSC,8/6/2020,2.02%,quarterly
NS,8/6/2020,10.80%,quarterly
PPBI,8/6/2020,4.81%,quarterly
PCTI,8/6/2020,3.40%,quarterly
PNFP,8/6/2020,1.58%,quarterly
PNM,8/6/2020,2.94%,quarterly
PZN,8/6/2020,2.30%,quarterly
RBNC,8/6/2020,2.72%,quarterly
RIO,8/6/2020,6.30%,semi-annual
RUSHA,8/6/2020,1.15%,quarterly
RUSHB,8/6/2020,1.35%,quarterly
SBFG,8/6/2020,2.76%,quarterly
SEB,8/6/2020,0.30%,quarterly
SIRI,8/6/2020,0.94%,quarterly
SMBK,8/6/2020,1.43%,quarterly
SBUX,8/6/2020,2.23%,quarterly
SUN,8/6/2020,13.46%,quarterly
AMTD,8/6/2020,3.29%,quarterly
UL,8/6/2020,3.00%,quarterly
UN,8/6/2020,2.60%,quarterly
AUB,8/6/2020,4.40%,quarterly
HCC,8/6/2020,1.20%,quarterly
WAFD,8/6/2020,3.74%,quarterly
WFC,8/6/2020,1.56%,quarterly
ALX,8/7/2020,7.00%,quarterly
ACC,8/7/2020,5.36%,quarterly
AEP,8/7/2020,3.19%,quarterly
AFIN,8/7/2020,10.70%,monthly
AMP,8/7/2020,2.65%,quarterly
AROC,8/7/2020,8.94%,quarterly
ARCO,8/7/2020,1.00%,quarterly
BLX,8/7/2020,8.06%,quarterly
BSBR,8/7/2020,10.00%,quarterly
BEDU,8/7/2020,1.40%,--
CWT,8/7/2020,1.77%,quarterly
CSV,8/7/2020,1.77%,quarterly
CDR,8/7/2020,4.42%,quarterly
FBMS,8/7/2020,1.90%,quarterly
GABC,8/7/2020,2.61%,quarterly
HAFC,8/7/2020,3.50%,quarterly
HTGC,8/7/2020,12.02%,quarterly
HBCP,8/7/2020,3.50%,quarterly
IBM,8/7/2020,5.20%,quarterly
IBTX,8/7/2020,2.29%,quarterly
ISBC,8/7/2020,5.83%,quarterly
JHG,8/7/2020,6.90%,quarterly
KKPNY,8/7/2020,,semi-annual
LSTR,8/7/2020,0.70%,quarterly
LAZ,8/7/2020,6.44%,quarterly
MPX,8/7/2020,2.11%,quarterly
MRBK,8/7/2020,3.30%,quarterly
MPB,8/7/2020,3.86%,quarterly
MC,8/7/2020,3.45%,quarterly
MWA,8/7/2020,2.08%,quarterly
NMM,8/7/2020,3.00%,quarterly
NBL,8/7/2020,0.75%,quarterly
OMF,8/7/2020,4.60%,none
PPG,8/7/2020,1.88%,quarterly
ROL,8/7/2020,0.66%,quarterly
SJW,8/7/2020,2.03%,quarterly
SON,8/7/2020,3.20%,quarterly
SONA,8/7/2020,4.85%,quarterly
SYX,8/7/2020,2.44%,quarterly
GWW,8/7/2020,1.79%,quarterly
WVFC,8/7/2020,3.00%,quarterly
STZ,8/10/2020,1.71%,quarterly
STZ.B,8/10/2020,1.50%,quarterly
EBTC,8/10/2020,3.17%,quarterly
GORO,8/10/2020,0.80%,monthly
HBI,8/10/2020,3.93%,quarterly
HBT,8/10/2020,4.90%,quarterly
MCBC,8/10/2020,4.44%,quarterly
PCAR,8/10/2020,1.66%,quarterly
PGC,8/10/2020,1.20%,quarterly
SWKS,8/10/2020,1.48%,quarterly
SGC,8/10/2020,2.30%,quarterly
UIHC,8/10/2020,3.18%,quarterly
FCCY,8/11/2020,2.90%,quarterly
AWK,8/11/2020,1.50%,quarterly
RA,8/11/2020,14.10%,monthly
BURCA,8/11/2020,8.76%,quarterly
DHI,8/11/2020,1.10%,quarterly
ECC,8/11/2020,17.30%,--
FDP,8/11/2020,1.20%,quarterly
HOMB,8/11/2020,3.03%,quarterly
INVH,8/11/2020,2.18%,quarterly
LGI,8/11/2020,8.90%,monthly
MDC,8/11/2020,2.90%,quarterly
SCCO,8/11/2020,3.50%,quarterly
WNEB,8/11/2020,3.80%,quarterly
WINA,8/11/2020,0.10%,quarterly
COG,8/12/2020,2.16%,quarterly
CATC,8/12/2020,3.93%,quarterly
CSTR,8/12/2020,1.80%,quarterly
XOM,8/12/2020,7.90%,quarterly
GWB,8/12/2020,0.33%,quarterly
STBA,8/12/2020,4.70%,quarterly
ZTR,8/12/2020,11.50%,monthly
VGI,8/12/2020,11.30%,monthly
AHC,8/13/2020,9.40%,quarterly
AGCO,8/13/2020,1.20%,quarterly
ADS,8/13/2020,1.97%,quarterly
AMSWA,8/13/2020,2.56%,quarterly
AIV,8/13/2020,4.34%,quarterly
AIT,8/13/2020,2.10%,quarterly
ASX,8/13/2020,2.10%,annual
ASHTY,8/13/2020,,semi-annual
BPRN,8/13/2020,2.15%,quarterly
BWFG,8/13/2020,3.53%,quarterly
BSET,8/13/2020,3.80%,quarterly
BSM,8/13/2020,8.37%,quarterly
CPTP,8/13/2020,2.30%,quarterly
CHD,8/13/2020,1.08%,quarterly
XEC,8/13/2020,3.58%,quarterly
CGNX,8/13/2020,0.34%,quarterly
FIX,8/13/2020,0.90%,quarterly
CWBC,8/13/2020,2.30%,quarterly
CLM,8/13/2020,22.90%,monthly
CRF,8/13/2020,22.90%,monthly
CTVA,8/13/2020,1.92%,quarterly
DUK,8/13/2020,4.85%,quarterly
DRE,8/13/2020,2.39%,quarterly
EBMT,8/13/2020,2.40%,quarterly
ETN,8/13/2020,3.10%,quarterly
LLY,8/13/2020,1.79%,quarterly
ENB,8/13/2020,7.70%,quarterly
EXC,8/13/2020,4.00%,quarterly
FCFS,8/13/2020,1.70%,quarterly
GSK,8/13/2020,4.90%,quarterly
GRC,8/13/2020,1.80%,quarterly
GCBC,8/13/2020,2.20%,quarterly
PCF,8/13/2020,10.30%,monthly
IP,8/13/2020,5.92%,quarterly
IVZ,8/13/2020,5.79%,quarterly
SJM,8/13/2020,3.38%,quarterly
JBL,8/13/2020,0.95%,quarterly
KIO,8/13/2020,11.80%,monthly
KR,8/13/2020,8.78%,quarterly
LAD,8/13/2020,0.60%,quarterly
MHNC,8/13/2020,10.40%,quarterly
MMS,8/13/2020,1.58%,quarterly
MSEX,8/13/2020,1.55%,quarterly
MSVB,8/13/2020,0.70%,quarterly
MOG.B,8/13/2020,1.87%,quarterly
MOG.A,8/13/2020,1.87%,quarterly
MSCI,8/13/2020,0.79%,quarterly
NBN,8/13/2020,0.22%,quarterly
ODC,8/13/2020,3.00%,quarterly
OGS,8/13/2020,2.80%,quarterly
OBNK,8/13/2020,1.64%,quarterly
PSO,8/13/2020,3.40%,semi-annual
GHY,8/13/2020,9.80%,monthly
ISD,8/13/2020,9.20%,monthly
PSTL,8/13/2020,5.54%,quarterly
PSMT,8/13/2020,1.10%,semi-annual
PGZ,8/13/2020,11.00%,monthly
RTX,8/13/2020,2.56%,quarterly
RS,8/13/2020,2.40%,quarterly
OPP,8/13/2020,15.20%,monthly
RFM,8/13/2020,6.30%,monthly
RMM,8/13/2020,6.40%,monthly
RMI,8/13/2020,5.20%,monthly
RIV,8/13/2020,14.60%,monthly
SIGI,8/13/2020,1.69%,quarterly
SJR,8/13/2020,5.80%,monthly
SMBC,8/13/2020,2.70%,quarterly
STBI,8/13/2020,4.20%,quarterly
RGR,8/13/2020,24.80%,quarterly
SSBI,8/13/2020,4.70%,quarterly
TCF,8/13/2020,5.00%,quarterly
TFX,8/13/2020,0.37%,quarterly
TDE,8/13/2020,8.20%,quarterly
TSBK,8/13/2020,4.62%,quarterly
TANNL,8/13/2020,8.00%,quarterly
TFC,8/13/2020,4.85%,quarterly
UTL,8/13/2020,3.39%,quarterly
V,8/13/2020,0.60%,quarterly
WMT,8/13/2020,1.80%,quarterly
WEC,8/13/2020,2.90%,quarterly
WAL,8/13/2020,2.82%,quarterly
WAB,8/13/2020,0.74%,quarterly
AMGN,8/14/2020,2.56%,quarterly
ARR,8/14/2020,13.00%,monthly
APAM,8/14/2020,7.67%,quarterly
BG,8/14/2020,5.30%,quarterly
CF,8/14/2020,4.27%,quarterly
CC,8/14/2020,5.35%,quarterly
CORR,8/14/2020,2.02%,quarterly
SRV,8/14/2020,8.00%,monthly
SZC,8/14/2020,8.30%,monthly
DTF,8/14/2020,3.40%,monthly
DUC,8/14/2020,6.40%,monthly
EQNR,8/14/2020,4.60%,quarterly
GLU,8/14/2020,7.90%,monthly
GUT,8/14/2020,9.00%,monthly
GGN,8/14/2020,18.10%,monthly
GNT,8/14/2020,7.80%,monthly
HP,8/14/2020,3.70%,quarterly
HIW,8/14/2020,5.02%,quarterly
JEF,8/14/2020,3.86%,quarterly
LNN,8/14/2020,1.37%,quarterly
MNR,8/14/2020,4.68%,quarterly
OSK,8/14/2020,1.53%,quarterly
OXLC,8/14/2020,39.90%,monthly
OXSQ,8/14/2020,22.80%,monthly
ROK,8/14/2020,1.85%,quarterly
PER,8/14/2020,10.43%,quarterly
SO,8/14/2020,4.72%,quarterly
SWX,8/14/2020,3.00%,quarterly
SPOK,8/14/2020,5.18%,quarterly
EDF,8/14/2020,13.79%,monthly
EDI,8/14/2020,12.72%,monthly
GDV,8/14/2020,8.30%,monthly
GROW,8/14/2020,0.90%,monthly
UMH,8/14/2020,5.47%,quarterly
ADX,8/17/2020,1.28%,quarterly
PEO,8/17/2020,3.47%,quarterly
BHB,8/17/2020,4.40%,quarterly
BKH,8/17/2020,3.60%,quarterly
BKCC,8/17/2020,16.46%,quarterly
HRZN,8/17/2020,13.00%,monthly
PSX,8/17/2020,5.62%,quarterly
AFL,8/18/2020,3.09%,quarterly
BGCP,8/18/2020,1.49%,quarterly
CVX,8/18/2020,5.73%,quarterly
FOF,8/18/2020,9.90%,monthly
UTF,8/18/2020,8.50%,monthly
LDP,8/18/2020,7.70%,monthly
RQI,8/18/2020,9.00%,monthly
RNP,8/18/2020,7.90%,monthly
PSF,8/18/2020,7.70%,monthly
RFI,8/18/2020,8.00%,monthly
MIE,8/18/2020,8.50%,monthly
ED,8/18/2020,4.28%,quarterly
ETFC,8/18/2020,1.08%,quarterly
EQIX,8/18/2020,1.38%,quarterly
FTS,8/18/2020,3.53%,quarterly
MAC,8/18/2020,7.55%,quarterly
MAIN,8/18/2020,9.30%,monthly
MPC,8/18/2020,5.81%,quarterly
TGT,8/18/2020,2.27%,quarterly
VMC,8/18/2020,1.14%,quarterly
WBA,8/18/2020,4.42%,quarterly
AMAT,8/19/2020,1.59%,quarterly
CNP,8/19/2020,3.09%,quarterly
DFS,8/19/2020,3.38%,quarterly
EDUC,8/19/2020,2.38%,quarterly
ENR,8/19/2020,2.44%,quarterly
FWRD,8/19/2020,1.40%,quarterly
HTBI,8/19/2020,1.99%,quarterly
LFUS,8/19/2020,1.10%,quarterly
MSFT,8/19/2020,1.05%,quarterly
MCO,8/19/2020,0.80%,quarterly
NLSN,8/19/2020,1.55%,quarterly
RXN,8/19/2020,1.10%,quarterly
GRA,8/19/2020,2.53%,quarterly
BMRRY,8/20/2020,,semi-annual
CTSH,8/20/2020,1.36%,quarterly
CMI,8/20/2020,2.94%,quarterly
FSS,8/20/2020,1.08%,quarterly
HCI,8/20/2020,3.60%,quarterly
HCSG,8/20/2020,3.10%,quarterly
HSY,8/20/2020,2.26%,quarterly
MGPI,8/20/2020,1.34%,quarterly
MTX,8/20/2020,0.40%,quarterly
OTIS,8/20/2020,1.30%,quarterly
PRK,8/20/2020,5.90%,quarterly
SHW,8/20/2020,0.86%,quarterly
TTEK,8/20/2020,0.76%,quarterly
FHB,8/21/2020,5.90%,quarterly
MKSI,8/21/2020,0.60%,quarterly
R,8/21/2020,5.96%,quarterly
BC,8/24/2020,1.40%,quarterly
CRAI,8/24/2020,2.13%,quarterly
EFX,8/24/2020,0.93%,quarterly
JNJ,8/24/2020,2.70%,quarterly
SPB,8/24/2020,3.22%,quarterly
SPGI,8/25/2020,0.82%,quarterly
B,8/26/2020,1.70%,quarterly
LMAT,8/26/2020,1.30%,quarterly
MXIM,8/26/2020,2.79%,quarterly
SMG,8/26/2020,1.50%,quarterly
ALL,8/27/2020,2.40%,quarterly
CBT,8/27/2020,3.79%,quarterly
GLW,8/27/2020,3.10%,quarterly
EKTAY,8/27/2020,,semi-annual
EVR,8/27/2020,4.07%,quarterly
FQVLF,8/27/2020,,semi-annual
FBHS,8/27/2020,1.44%,quarterly
KHC,8/27/2020,4.50%,quarterly
NAT,8/27/2020,9.10%,quarterly
PRGO,8/27/2020,1.58%,quarterly
PDM,8/27/2020,5.37%,quarterly
USLM,8/27/2020,0.68%,quarterly
WING,8/27/2020,0.36%,quarterly
ACNB,8/28/2020,4.40%,quarterly
AIZ,8/28/2020,2.50%,quarterly
BOH,8/28/2020,4.70%,quarterly
BAX,8/28/2020,1.17%,quarterly
WHD,8/28/2020,1.59%,quarterly
CPF,8/28/2020,5.90%,quarterly
CR,8/28/2020,3.02%,quarterly
CSX,8/28/2020,1.52%,quarterly
HUBB,8/28/2020,2.70%,quarterly
MLAB,8/28/2020,0.30%,quarterly
NOA,8/28/2020,1.95%,quarterly
PCB,8/28/2020,4.10%,quarterly
SCHL,8/28/2020,2.10%,quarterly
SCL,8/28/2020,1.04%,quarterly
UBOH,8/28/2020,3.36%,quarterly
UZB,8/28/2020,8.00%,quarterly
VVV,8/28/2020,2.15%,quarterly
AEB,8/31/2020,4.50%,quarterly
ASB,8/31/2020,5.47%,quarterly
AGR,8/31/2020,3.90%,quarterly
BLL,8/31/2020,0.81%,quarterly
BGFV,8/31/2020,6.15%,quarterly
CLGX,8/31/2020,1.92%,quarterly
COWN,8/31/2020,0.90%,quarterly
DNKN,8/31/2020,2.35%,quarterly
EBAY,8/31/2020,1.14%,quarterly
FFBC,8/31/2020,6.73%,quarterly
FBC,8/31/2020,0.64%,quarterly
FSNUY,8/31/2020,1.28%,annual
FF,8/31/2020,2.00%,quarterly
GS,8/31/2020,2.30%,quarterly
HIG,8/31/2020,3.07%,quarterly
IBKR,8/31/2020,0.80%,quarterly
JNPR,8/31/2020,3.23%,quarterly
K,8/31/2020,3.33%,quarterly
KEY,8/31/2020,6.38%,quarterly
LMT,8/31/2020,2.67%,quarterly
MCD,8/31/2020,2.59%,quarterly
MCK,8/31/2020,1.08%,quarterly
MGEE,8/31/2020,2.20%,quarterly
NBTB,8/31/2020,3.64%,quarterly
PFG,8/31/2020,5.10%,quarterly
PRGS,8/31/2020,1.70%,quarterly
PBY,8/31/2020,6.40%,quarterly
SPKE,8/31/2020,10.18%,quarterly
SWK,8/31/2020,1.97%,quarterly
TW,8/31/2020,0.59%,quarterly
TAC,8/31/2020,1.95%,quarterly
TRMK,8/31/2020,3.88%,quarterly
TSN,8/31/2020,2.78%,quarterly
UFPI,8/31/2020,0.91%,quarterly
WTS,8/31/2020,1.09%,quarterly
AROW,9/1/2020,3.77%,quarterly
AVY,9/1/2020,1.89%,quarterly
NPO,9/1/2020,2.19%,quarterly
GHL,9/1/2020,1.90%,quarterly
HLI,9/1/2020,2.39%,quarterly
ICL,9/1/2020,3.80%,quarterly
ODFL,9/1/2020,0.33%,quarterly
PAHC,9/1/2020,2.02%,quarterly
PJT,9/1/2020,0.40%,quarterly
SLB,9/1/2020,2.50%,quarterly
LIN,9/2/2020,1.58%,quarterly
PTEN,9/2/2020,2.19%,quarterly
QCOM,9/2/2020,2.81%,quarterly
SSTK,9/2/2020,1.30%,quarterly
AMNB,9/3/2020,4.60%,quarterly
AJG,9/3/2020,1.72%,quarterly
BAC,9/3/2020,2.96%,quarterly
BOTJ,9/3/2020,2.80%,quarterly
BLK,9/3/2020,2.56%,quarterly
BF.A,9/3/2020,1.12%,quarterly
BF.B,9/3/2020,1.02%,quarterly
CASS,9/3/2020,2.78%,quarterly
FNB,9/3/2020,6.81%,quarterly
LUNMF,9/3/2020,2.11%,quarterly
MBWM,9/3/2020,5.10%,quarterly
PEP,9/3/2020,3.06%,quarterly
RF,9/3/2020,5.74%,quarterly
SEE,9/3/2020,1.74%,quarterly
SLM,9/3/2020,1.58%,quarterly
STRA,9/3/2020,1.47%,quarterly
SU,9/3/2020,3.70%,quarterly
TGNA,9/3/2020,2.40%,quarterly
TT,9/3/2020,2.14%,quarterly
UNF,9/3/2020,0.58%,quarterly
EGOV,9/4/2020,1.67%,quarterly
WRI,9/4/2020,4.31%,quarterly
BDX,9/8/2020,1.15%,quarterly
CNI,9/8/2020,1.75%,quarterly
HPQ,9/8/2020,4.14%,quarterly
PEG,9/8/2020,3.70%,quarterly
RCI,9/8/2020,3.60%,quarterly
AAT,9/9/2020,3.70%,quarterly
ANTM,9/9/2020,1.40%,quarterly
HOG,9/9/2020,0.30%,quarterly
NEM,9/9/2020,1.53%,quarterly
TRV,9/9/2020,2.78%,quarterly
TRTN,9/9/2020,6.00%,quarterly
UMBF,9/9/2020,2.49%,quarterly
CTXS,9/10/2020,1.00%,quarterly
FIS,9/10/2020,0.97%,quarterly
FHN,9/10/2020,6.47%,quarterly
G,9/10/2020,0.99%,quarterly
HEQ,9/10/2020,10.87%,quarterly
MANT,9/10/2020,1.85%,quarterly
NDAQ,9/10/2020,1.50%,quarterly
NTRS,9/10/2020,3.68%,quarterly
NRGX,9/10/2020,15.30%,quarterly
SNDR,9/10/2020,1.05%,quarterly
SAMG,9/10/2020,5.73%,quarterly
TXT,9/10/2020,0.23%,quarterly
WMB,9/10/2020,8.29%,quarterly
DVN,9/11/2020,3.60%,quarterly
FCNCA,9/11/2020,0.38%,quarterly
JRVR,9/11/2020,2.57%,quarterly
SPR,9/11/2020,0.16%,quarterly
PINE,9/14/2020,5.50%,quarterly
MO,9/14/2020,8.17%,quarterly
APH,9/14/2020,0.94%,quarterly
BXS,9/14/2020,3.28%,quarterly
CSWC,9/14/2020,10.90%,quarterly
KO,9/14/2020,3.56%,quarterly
CMA,9/14/2020,7.42%,quarterly
CTBI,9/14/2020,4.95%,quarterly
DNI,9/14/2020,7.80%,quarterly
DPZ,9/14/2020,0.75%,quarterly
DPG,9/14/2020,12.40%,quarterly
EFSC,9/14/2020,2.33%,quarterly
GRMN,9/14/2020,2.50%,quarterly
GPK,9/14/2020,2.09%,quarterly
MAXR,9/14/2020,0.23%,quarterly
MRK,9/14/2020,3.10%,quarterly
NWE,9/14/2020,4.25%,quarterly
OCCI,9/14/2020,22.20%,quarterly
OVV,9/14/2020,3.70%,quarterly
PB,9/14/2020,3.30%,quarterly
SFNC,9/14/2020,3.91%,quarterly
SAH,9/14/2020,1.04%,quarterly
TMO,9/14/2020,0.23%,quarterly
UGI,9/14/2020,4.00%,quarterly
WWE,9/14/2020,1.00%,quarterly
WOR,9/14/2020,2.60%,quarterly
FNF,9/15/2020,4.02%,quarterly
ICE,9/15/2020,1.30%,quarterly
MRTN,9/15/2020,0.56%,quarterly
MEOH,9/15/2020,0.74%,quarterly
RYN,9/15/2020,3.77%,quarterly
WU,9/15/2020,4.07%,quarterly
VST,9/15/2020,2.89%,quarterly
ARD,9/16/2020,4.20%,quarterly
HBAN,9/16/2020,6.27%,quarterly
ALB,9/17/2020,1.83%,quarterly
AIMC,9/17/2020,0.50%,quarterly
HRC,9/17/2020,0.81%,quarterly
QTS,9/17/2020,2.63%,quarterly
RBCAA,9/17/2020,3.62%,quarterly
TSM,9/17/2020,2.50%,quarterly
DTE,9/18/2020,3.91%,quarterly
NEWT,9/18/2020,13.06%,quarterly
OMC,9/18/2020,4.81%,quarterly
SPE,9/18/2020,9.80%,monthly
WRE,9/18/2020,5.49%,quarterly
NJR,9/21/2020,3.98%,quarterly
BFC,9/22/2020,1.30%,quarterly
STX,9/22/2020,5.88%,quarterly
GTY,9/23/2020,4.96%,quarterly
CP,9/24/2020,1.00%,quarterly
CONE,9/24/2020,2.47%,quarterly
XRAY,9/24/2020,0.89%,quarterly
RBC,9/24/2020,1.30%,quarterly
BGS,9/29/2020,6.87%,quarterly
FMC,9/29/2020,1.65%,quarterly
LECO,9/29/2020,2.14%,quarterly
MDLZ,9/29/2020,2.24%,quarterly
OFG,9/29/2020,2.09%,quarterly
REXR,9/29/2020,2.08%,quarterly
TFII,9/29/2020,1.79%,quarterly
XRX,9/29/2020,6.39%,quarterly
AUY,9/29/2020,1.10%,quarterly
APD,9/30/2020,1.87%,quarterly
CUBE,9/30/2020,4.48%,quarterly
EHC,9/30/2020,1.71%,quarterly
RSG,9/30/2020,1.96%,quarterly
SSD,9/30/2020,1.00%,quarterly
TANNI,9/30/2020,8.10%,quarterly
WWW,9/30/2020,1.65%,quarterly
BTI,10/1/2020,8.40%,quarterly
SNN,10/1/2020,,semi-annual
MFO,10/13/2020,9.60%,quarterly
PKI,10/15/2020,0.25%,quarterly
APO,8/17/2020,4.70%,quarterly
AFT,8/17/2020,6.20%,monthly
AIF,8/17/2020,6.46%,monthly
BGSF,8/17/2020,2.00%,quarterly
TECH,8/17/2020,0.48%,quarterly
DMB,8/17/2020,4.59%,monthly
CABO,8/17/2020,0.54%,quarterly
CSL,8/17/2020,1.67%,quarterly
CRD.B,8/17/2020,2.44%,quarterly
CRD.A,8/17/2020,2.19%,quarterly
CIK,8/17/2020,9.50%,monthly
DHY,8/17/2020,9.50%,monthly
ENBL,8/17/2020,12.57%,quarterly
GNE,8/17/2020,4.02%,quarterly
JACK,8/17/2020,2.00%,quarterly
MTRN,8/17/2020,0.80%,quarterly
NHTC,8/17/2020,13.40%,quarterly
ORA,8/17/2020,0.74%,quarterly
PTVCB,8/17/2020,2.59%,quarterly
PTVCA,8/17/2020,2.50%,quarterly
SMM,8/17/2020,5.58%,quarterly
SXC,8/17/2020,7.40%,quarterly
SWCH,8/17/2020,1.11%,quarterly
SHYF,8/17/2020,0.55%,quarterly
TROX,8/17/2020,3.00%,quarterly
WELL,8/17/2020,4.59%,quarterly
XFLT,8/17/2020,12.00%,monthly
AMAL,8/18/2020,2.76%,quarterly
ARMK,8/18/2020,2.10%,quarterly
ADM,8/18/2020,3.32%,quarterly
AGO,8/18/2020,3.60%,quarterly
BWXT,8/18/2020,1.31%,quarterly
DK,8/18/2020,8.07%,quarterly
EURN,8/18/2020,11.00%,quarterly
FBK,8/18/2020,1.41%,quarterly
FMX,8/18/2020,2.60%,semi-annual
HL,8/18/2020,0.12%,quarterly
HNNA,8/18/2020,6.77%,quarterly
L,8/18/2020,0.71%,quarterly
MCR,8/18/2020,8.06%,monthly
CMU,8/18/2020,4.90%,monthly
MIN,8/18/2020,9.02%,monthly
MMT,8/18/2020,8.44%,monthly
MFM,8/18/2020,4.70%,monthly
MFV,8/18/2020,10.10%,monthly
NRP,8/18/2020,17.56%,quarterly
PFLT,8/18/2020,13.12%,monthly
PHI,8/18/2020,3.90%,semi-annual
POWL,8/18/2020,3.74%,quarterly
PRMW,8/18/2020,1.70%,quarterly
RMAX,8/18/2020,2.65%,quarterly
ADTN,8/19/2020,2.97%,quarterly
AMOT,8/19/2020,0.29%,quarterly
AVA,8/19/2020,4.23%,quarterly
IGR,8/19/2020,9.70%,monthly
EVRG,8/19/2020,3.65%,quarterly
FDBC,8/19/2020,2.50%,quarterly
FCBP,8/19/2020,6.40%,quarterly
GFF,8/19/2020,1.45%,quarterly
PROV,8/19/2020,4.60%,quarterly
RMD,8/19/2020,0.89%,quarterly
SNA,8/19/2020,2.95%,quarterly
SBSI,8/19/2020,4.23%,quarterly
THQ,8/19/2020,7.25%,monthly
THW,8/19/2020,9.58%,monthly
TRI,8/19/2020,2.00%,quarterly
TRU,8/19/2020,0.35%,quarterly
UMPQ,8/19/2020,7.00%,quarterly
FAX,8/20/2020,8.00%,monthly
IAF,8/20/2020,10.10%,quarterly
FCO,8/20/2020,11.50%,monthly
ACP,8/20/2020,13.70%,monthly
AOD,8/20/2020,8.50%,monthly
AGD,8/20/2020,8.20%,monthly
AWP,8/20/2020,9.80%,monthly
BBSI,8/20/2020,2.05%,quarterly
CLPR,8/20/2020,4.87%,quarterly
CCOI,8/20/2020,3.57%,quarterly
ESXB,8/20/2020,3.82%,quarterly
CORE,8/20/2020,1.50%,quarterly
DEX,8/20/2020,6.93%,monthly
FLIR,8/20/2020,1.80%,quarterly
GHM,8/20/2020,3.08%,quarterly
HE,8/20/2020,3.80%,quarterly
IEP,8/20/2020,14.40%,quarterly
MGA,8/20/2020,3.20%,quarterly
MCHP,8/20/2020,1.37%,quarterly
MIXT,8/20/2020,1.90%,quarterly
PCSB,8/20/2020,1.30%,quarterly
PBI,8/20/2020,4.52%,quarterly
PRI,8/20/2020,1.22%,quarterly
PUK,8/20/2020,1.90%,semi-annual
SWM,8/20/2020,5.33%,quarterly
TEL,8/20/2020,2.13%,quarterly
TKR,8/20/2020,2.10%,quarterly
WD,8/20/2020,2.81%,quarterly
AEG,8/21/2020,2.10%,semi-annual
ATO,8/21/2020,2.22%,quarterly
DLX,8/21/2020,4.10%,quarterly
FGB,8/21/2020,10.71%,quarterly
HVT.A,8/21/2020,4.25%,quarterly
HVT,8/21/2020,4.49%,quarterly
MFD,8/21/2020,9.52%,quarterly
NATH,8/21/2020,2.80%,quarterly
NLOK,8/21/2020,2.26%,quarterly
RDN,8/21/2020,3.23%,quarterly
TIPT,8/21/2020,2.98%,quarterly
TTP,8/21/2020,4.43%,quarterly
TSCO,8/21/2020,1.10%,quarterly
UPS,8/21/2020,2.52%,quarterly
WSTG,8/21/2020,3.07%,quarterly
EQH,8/10/2020,3.30%,quarterly
KMT,8/10/2020,2.81%,quarterly
MTG,8/10/2020,2.90%,quarterly
PZZA,8/10/2020,0.90%,quarterly
SSSS,8/10/2020,4.80%,monthly
CG,8/10/2020,3.70%,quarterly
BFIN,8/11/2020,5.44%,quarterly
BWMX,8/11/2020,4.10%,quarterly
FCEF,8/11/2020,5.64%,monthly
MCEF,8/11/2020,3.36%,monthly
LARK,8/11/2020,3.90%,quarterly
SASR,8/11/2020,5.20%,quarterly
WETF,8/11/2020,3.47%,quarterly
CBH,8/12/2020,5.90%,monthly
NCV,8/12/2020,10.57%,monthly
NCZ,8/12/2020,10.70%,monthly
ACV,8/12/2020,7.65%,monthly
ASTE,8/12/2020,0.97%,quarterly
CURO,8/12/2020,2.89%,quarterly
FANG,8/12/2020,3.58%,quarterly
DSL,8/12/2020,11.30%,monthly
DBL,8/12/2020,6.80%,monthly
DEA,8/12/2020,4.30%,quarterly
CEV,8/12/2020,4.10%,monthly
EFL,8/12/2020,5.13%,monthly
EVV,8/12/2020,10.20%,monthly
EVN,8/12/2020,4.40%,monthly
ETR,8/12/2020,3.54%,quarterly
JBGS,8/12/2020,3.20%,quarterly
PDT,8/12/2020,8.60%,monthly
HPF,8/12/2020,8.00%,monthly
HPI,8/12/2020,7.00%,monthly
HPS,8/12/2020,7.90%,monthly
HTD,8/12/2020,8.49%,monthly
EVF,8/12/2020,6.39%,monthly
OPY,8/12/2020,2.30%,quarterly
PBFX,8/12/2020,12.50%,quarterly
PCM,8/12/2020,9.90%,monthly
PCK,8/12/2020,4.07%,monthly
PZC,8/12/2020,4.21%,monthly
PCQ,8/12/2020,4.59%,monthly
PCN,8/12/2020,8.44%,monthly
PTY,8/12/2020,9.90%,monthly
PCI,8/12/2020,10.77%,monthly
PDI,8/12/2020,10.54%,monthly
PGP,8/12/2020,9.84%,monthly
PHK,8/12/2020,10.90%,monthly
PKO,8/12/2020,9.33%,monthly
PFL,8/12/2020,10.60%,monthly
PFN,8/12/2020,10.55%,monthly
PMF,8/12/2020,4.57%,monthly
PML,8/12/2020,5.04%,monthly
PMX,8/12/2020,4.56%,monthly
PNI,8/12/2020,4.34%,monthly
POOL,8/12/2020,0.70%,quarterly
SC,8/12/2020,4.70%,quarterly
RCS,8/12/2020,9.30%,monthly
TBNK,8/12/2020,4.20%,quarterly
VSDA,8/12/2020,0.56%,monthly
CEY,8/12/2020,18.24%,monthly
CEZ,8/12/2020,7.99%,monthly
CID,8/12/2020,0.87%,monthly
CIL,8/12/2020,1.05%,monthly
CFO,8/12/2020,0.02%,monthly
CFA,8/12/2020,0.57%,monthly
CSF,8/12/2020,0.37%,monthly
CDC,8/12/2020,1.27%,monthly
CDL,8/12/2020,1.42%,monthly
VSMV,8/12/2020,0.95%,monthly
CSB,8/12/2020,6.89%,monthly
CSA,8/12/2020,0.87%,monthly
VNOM,8/12/2020,1.11%,quarterly
XLNX,8/12/2020,1.40%,quarterly
ZION,8/12/2020,4.19%,quarterly
AVK,8/13/2020,9.91%,monthly
ALE,8/13/2020,4.20%,quarterly
AZN,8/13/2020,2.50%,semi-annual
RILY,8/13/2020,4.60%,quarterly
REYN,8/13/2020,2.79%,quarterly
BGIO,8/13/2020,7.06%,monthly
HYT,8/13/2020,8.60%,monthly
BHK,8/13/2020,5.06%,monthly
BTZ,8/13/2020,6.99%,monthly
DSU,8/13/2020,8.50%,monthly
CII,8/13/2020,6.83%,monthly
BDJ,8/13/2020,8.02%,monthly
BOE,8/13/2020,7.77%,monthly
EGF,8/13/2020,3.71%,monthly
BGY,8/13/2020,7.47%,monthly
FRA,8/13/2020,8.26%,monthly
BGT,8/13/2020,8.09%,monthly
BGR,8/13/2020,7.78%,monthly
BME,8/13/2020,5.52%,monthly
BKT,8/13/2020,6.70%,monthly
BAF,8/13/2020,4.64%,monthly
BYM,8/13/2020,3.96%,monthly
BKN,8/13/2020,4.50%,monthly
BTA,8/13/2020,4.76%,monthly
BLW,8/13/2020,7.83%,monthly
BZM,8/13/2020,3.60%,monthly
BIT,8/13/2020,9.67%,monthly
BBF,8/13/2020,4.54%,monthly
MUI,8/13/2020,4.30%,monthly
MUA,8/13/2020,4.30%,monthly
BKK,8/13/2020,0.80%,monthly
BTT,8/13/2020,2.98%,monthly
BBK,8/13/2020,4.51%,monthly
BFK,8/13/2020,4.51%,monthly
BLE,8/13/2020,4.60%,monthly
MEN,8/13/2020,4.34%,monthly
MFL,8/13/2020,4.00%,monthly
MUH,8/13/2020,4.60%,monthly
MHD,8/13/2020,4.47%,monthly
MUS,8/13/2020,4.66%,monthly
MUE,8/13/2020,4.65%,monthly
MUJ,8/13/2020,4.80%,monthly
MHN,8/13/2020,4.40%,monthly
MVT,8/13/2020,4.50%,monthly
MVF,8/13/2020,4.50%,monthly
MYD,8/13/2020,4.70%,monthly
MYI,8/13/2020,3.90%,monthly
MFT,8/13/2020,4.80%,monthly
MYF,8/13/2020,4.70%,monthly
MIY,8/13/2020,4.20%,monthly
MYJ,8/13/2020,5.00%,monthly
MYN,8/13/2020,4.20%,monthly
MPA,8/13/2020,4.60%,monthly
MQT,8/13/2020,4.50%,monthly
MQY,8/13/2020,4.30%,monthly
MCA,8/13/2020,4.28%,monthly
BSE,8/13/2020,4.27%,monthly
BQH,8/13/2020,4.01%,monthly
BFY,8/13/2020,4.65%,monthly
BNY,8/13/2020,4.17%,monthly
BCX,8/13/2020,7.33%,monthly
BST,8/13/2020,4.76%,monthly
BSD,8/13/2020,4.63%,monthly
BBN,8/13/2020,5.00%,monthly
BUI,8/13/2020,6.72%,monthly
BHV,8/13/2020,3.50%,monthly
BAH,8/13/2020,1.40%,quarterly
BP,8/13/2020,5.33%,quarterly
BFST,8/13/2020,2.90%,quarterly
CHI,8/13/2020,8.46%,monthly
CHY,8/13/2020,8.50%,monthly
CCD,8/13/2020,8.60%,monthly
CHW,8/13/2020,10.40%,monthly
CGO,8/13/2020,9.54%,monthly
CSQ,8/13/2020,8.28%,monthly
CLCT,8/13/2020,1.80%,quarterly
CLDB,8/13/2020,4.10%,quarterly
DEO,8/13/2020,2.50%,semi-annual
LEO,8/13/2020,5.00%,monthly
EML,8/13/2020,2.50%,quarterly
EMR,8/13/2020,3.10%,quarterly
WTRG,8/13/2020,2.20%,quarterly
FNHC,8/13/2020,3.90%,quarterly
FMO,8/13/2020,10.91%,quarterly
FNWB,8/13/2020,2.00%,quarterly
AJX,8/13/2020,7.14%,quarterly
GGM,8/13/2020,12.05%,monthly
GOF,8/13/2020,12.51%,monthly
GBAB,8/13/2020,6.27%,monthly
HWKN,8/13/2020,1.80%,quarterly
PEAK,8/13/2020,5.30%,quarterly
HTH,8/13/2020,1.80%,quarterly
HNI,8/13/2020,4.01%,quarterly
HON,8/13/2020,2.43%,quarterly
VKI,8/13/2020,5.00%,monthly
VBF,8/13/2020,3.60%,monthly
VCV,8/13/2020,4.50%,monthly
VTA,8/13/2020,9.94%,monthly
IHIT,8/13/2020,7.52%,monthly
OIA,8/13/2020,5.00%,monthly
VKQ,8/13/2020,4.70%,monthly
VPV,8/13/2020,4.70%,monthly
IQI,8/13/2020,4.90%,monthly
VVR,8/13/2020,6.76%,monthly
VGM,8/13/2020,5.00%,monthly
IIM,8/13/2020,4.70%,monthly
VLT,8/13/2020,9.20%,monthly
VMO,8/13/2020,5.00%,monthly
VTN,8/13/2020,4.30%,monthly
JCO,8/13/2020,6.80%,monthly
LPX,8/13/2020,1.90%,quarterly
LPLA,8/13/2020,1.30%,quarterly
MMD,8/13/2020,4.80%,monthly
MSBI,8/13/2020,7.39%,quarterly
NP,8/13/2020,4.21%,quarterly
NRT,8/13/2020,13.50%,quarterly
NVG,8/13/2020,4.85%,monthly
NUW,8/13/2020,2.90%,monthly
NEA,8/13/2020,4.60%,monthly
NAZ,8/13/2020,4.00%,monthly
NCA,8/13/2020,3.00%,monthly
NCB,8/13/2020,2.70%,monthly
NAC,8/13/2020,4.19%,monthly
JQC,8/13/2020,16.25%,monthly
NAD,8/13/2020,4.64%,monthly
JEMD,8/13/2020,6.10%,monthly
NZF,8/13/2020,4.86%,monthly
NEV,8/13/2020,4.76%,monthly
JFR,8/13/2020,6.78%,monthly
JRO,8/13/2020,6.68%,monthly
NKG,8/13/2020,3.79%,monthly
JGH,8/13/2020,7.35%,monthly
NID,8/13/2020,3.84%,monthly
NIQ,8/13/2020,2.99%,monthly
NMT,8/13/2020,3.70%,monthly
NMS,8/13/2020,3.98%,monthly
JLS,8/13/2020,4.30%,monthly
NHA,8/13/2020,1.60%,monthly
NMZ,8/13/2020,5.45%,monthly
NMI,8/13/2020,3.50%,monthly
NUV,8/13/2020,3.51%,monthly
NXJ,8/13/2020,4.82%,monthly
NJV,8/13/2020,2.81%,monthly
NRK,8/13/2020,4.31%,monthly
NAN,8/13/2020,4.43%,monthly
NYV,8/13/2020,2.34%,monthly
NNY,8/13/2020,3.30%,monthly
NXN,8/13/2020,3.50%,monthly
NUO,8/13/2020,3.40%,monthly
NQP,8/13/2020,4.60%,monthly
NPN,8/13/2020,2.40%,monthly
JPC,8/13/2020,7.22%,monthly
JPS,8/13/2020,6.79%,monthly
JRI,8/13/2020,9.47%,monthly
NXR,8/13/2020,3.13%,monthly
NXP,8/13/2020,3.30%,monthly
NSL,8/13/2020,7.70%,monthly
JSD,8/13/2020,7.23%,monthly
NBB,8/13/2020,4.92%,monthly
NPV,8/13/2020,3.70%,monthly
OMP,8/13/2020,21.50%,quarterly
OTTR,8/13/2020,3.77%,quarterly
PYT,8/13/2020,3.60%,quarterly
PFS,8/13/2020,6.70%,quarterly
REG,8/13/2020,5.81%,quarterly
RGA,8/13/2020,2.95%,quarterly
RDS.A,8/13/2020,7.10%,quarterly
RDS.B,8/13/2020,8.80%,quarterly
SAL,8/13/2020,3.20%,quarterly
SALT,8/13/2020,1.54%,quarterly
SHBI,8/13/2020,4.90%,quarterly
SSB,8/13/2020,3.90%,quarterly
HNDL,8/13/2020,6.98%,monthly
TAIT,8/13/2020,5.50%,quarterly
PFC,8/13/2020,4.99%,quarterly
EAD,8/13/2020,9.50%,monthly
ERC,8/13/2020,10.30%,monthly
ERH,8/13/2020,7.20%,monthly
WRK,8/13/2020,2.77%,quarterly
AWR,8/14/2020,1.70%,quarterly
ABC,8/14/2020,1.70%,quarterly
FINS,8/14/2020,8.10%,monthly
ABR,8/14/2020,11.30%,quarterly
AUDC,8/14/2020,0.80%,semi-annual
STK,8/14/2020,0.60%,quarterly
BOKF,8/14/2020,3.60%,quarterly
CHE,8/14/2020,0.30%,quarterly
CNA,8/14/2020,4.60%,quarterly
CNS,8/14/2020,2.60%,quarterly
CHCT,8/14/2020,3.49%,quarterly
CPSI,8/14/2020,1.37%,quarterly
CNOB,8/14/2020,2.60%,quarterly
DLB,8/14/2020,1.20%,quarterly
DCI,8/14/2020,1.70%,quarterly
KTF,8/14/2020,4.20%,monthly
KSM,8/14/2020,4.50%,monthly
EVA,8/14/2020,7.51%,quarterly
FTAI,8/14/2020,8.90%,quarterly
GLPI,8/14/2020,6.10%,quarterly
GLOG,8/14/2020,6.20%,quarterly
GLOP,8/14/2020,12.44%,quarterly
GNK,8/14/2020,1.12%,quarterly
GWRS,8/14/2020,2.70%,monthly
HR,8/14/2020,4.20%,quarterly
HFC,8/14/2020,5.39%,quarterly
IVH,8/14/2020,9.00%,monthly
JRSH,8/14/2020,4.49%,quarterly
KMPR,8/14/2020,1.44%,quarterly
KKR,8/14/2020,1.51%,quarterly
KLAC,8/14/2020,1.77%,quarterly
MFC,8/14/2020,5.80%,quarterly
MSA,8/14/2020,1.42%,quarterly
MUR,8/14/2020,3.44%,quarterly
NCMI,8/14/2020,9.66%,quarterly
NATI,8/14/2020,2.80%,quarterly
NHS,8/14/2020,9.60%,monthly
NML,8/14/2020,5.70%,monthly
NRO,8/14/2020,12.20%,monthly
NVO,8/14/2020,1.40%,semi-annual
PAAS,8/14/2020,0.52%,quarterly
PFSI,8/14/2020,1.20%,quarterly
PTMN,8/14/2020,20.69%,quarterly
RTLR,8/14/2020,14.60%,quarterly
SBR,8/14/2020,8.10%,monthly
SBRA,8/14/2020,7.94%,quarterly
TEI,8/14/2020,5.60%,monthly
GIM,8/14/2020,3.27%,monthly
SII,8/14/2020,1.82%,quarterly
WWD,8/14/2020,0.40%,quarterly
CRS,8/24/2020,3.34%,quarterly
CDW,8/24/2020,1.30%,quarterly
STAY,8/24/2020,0.30%,quarterly
FLMN,8/24/2020,4.21%,quarterly
PRU,8/24/2020,6.22%,quarterly
RHI,8/24/2020,2.67%,quarterly
SBAC,8/24/2020,0.61%,quarterly
ACCO,8/25/2020,3.70%,quarterly
BEBE,8/25/2020,6.94%,quarterly
DHT,8/25/2020,19.80%,quarterly
NMRK,8/25/2020,0.90%,quarterly
PRSP,8/25/2020,1.30%,quarterly
RBA,8/25/2020,1.58%,quarterly
SLF,8/25/2020,3.98%,quarterly
MNRL,8/26/2020,4.37%,quarterly
CHL,8/26/2020,5.00%,semi-annual
FBP,8/26/2020,3.60%,quarterly
MGIC,8/26/2020,2.40%,semi-annual
STE,8/26/2020,1.01%,quarterly
WPM,8/26/2020,0.81%,quarterly
XYL,8/26/2020,1.30%,quarterly
ARGO,8/27/2020,3.40%,quarterly
BMI,8/27/2020,1.10%,quarterly
FTV,8/27/2020,0.40%,quarterly
HEES,8/27/2020,5.18%,quarterly
HII,8/27/2020,2.35%,quarterly
NBHC,8/27/2020,2.84%,quarterly
NTES,8/27/2020,1.29%,quarterly
NEE,8/27/2020,2.00%,quarterly
NUS,8/27/2020,3.19%,quarterly
PIPR,8/27/2020,1.77%,quarterly
SOR,8/27/2020,2.72%,quarterly
WEYS,8/27/2020,5.36%,quarterly
AEM,8/28/2020,1.03%,quarterly
ABTX,8/28/2020,1.48%,quarterly
AY,8/28/2020,5.50%,quarterly
BAM,8/28/2020,1.42%,quarterly
BBU,8/28/2020,0.90%,quarterly
BIPC,8/28/2020,4.10%,quarterly
BIP,8/28/2020,4.50%,quarterly
BPY,8/28/2020,11.30%,quarterly
BPYU,8/28/2020,11.43%,quarterly
BEPC,8/28/2020,3.70%,monthly
BEP,8/28/2020,3.80%,quarterly
CTT,8/28/2020,5.65%,quarterly
CUB,8/28/2020,0.60%,semi-annual
CFR,8/28/2020,3.90%,quarterly
DOV,8/28/2020,1.88%,quarterly
ESNT,8/28/2020,1.79%,quarterly
FMS,8/28/2020,1.64%,annual
EAF,8/28/2020,0.58%,quarterly
KINS,8/28/2020,2.89%,quarterly
NGVC,8/28/2020,1.88%,quarterly
NWL,8/28/2020,5.47%,quarterly
NKE,8/28/2020,0.98%,quarterly
PFIS,8/28/2020,4.00%,quarterly
POWI,8/28/2020,0.40%,quarterly
TNC,8/28/2020,1.22%,quarterly
TPVG,8/28/2020,11.70%,quarterly
UNP,8/28/2020,2.25%,quarterly
VOYA,8/28/2020,1.20%,quarterly
XPER,8/28/2020,1.40%,quarterly
WMS,8/31/2020,0.68%,quarterly
ASH,8/31/2020,1.42%,quarterly
BCC,8/31/2020,0.80%,quarterly
BWA,8/31/2020,1.83%,quarterly
BRKR,8/31/2020,0.40%,quarterly
CDK,8/31/2020,1.28%,quarterly
CPKF,8/31/2020,2.72%,quarterly
CWEN.A,8/31/2020,3.70%,quarterly
CWEN,8/31/2020,3.50%,quarterly
CCNE,8/31/2020,3.90%,quarterly
CXP,8/31/2020,6.66%,quarterly
CIX,8/31/2020,2.80%,quarterly
CTB,8/31/2020,1.20%,quarterly
ESLT,8/31/2020,1.30%,quarterly
FNCB,8/31/2020,3.90%,quarterly
HAYN,8/31/2020,4.50%,quarterly
HY,8/31/2020,2.86%,quarterly
ITIC,8/31/2020,1.32%,quarterly
STAR,8/31/2020,3.54%,quarterly
KRO,8/31/2020,6.03%,quarterly
MOFG,8/31/2020,4.70%,quarterly
NGHCZ,8/31/2020,7.50%,quarterly
NNI,8/31/2020,1.26%,quarterly
NL,8/31/2020,4.34%,quarterly
OSB,8/31/2020,2.00%,quarterly
ONB,8/31/2020,4.00%,quarterly
ZEUS,8/31/2020,0.71%,quarterly
PII,8/31/2020,2.30%,quarterly
SAFT,8/31/2020,4.73%,quarterly
SLGN,8/31/2020,1.26%,quarterly
SBGI,8/31/2020,3.90%,quarterly
SF,8/31/2020,1.35%,quarterly
TWCF,8/31/2020,1.48%,quarterly
VHI,8/31/2020,2.99%,quarterly
VIRT,8/31/2020,4.40%,quarterly
WEN,8/31/2020,0.90%,quarterly
CLPHY,9/1/2020,3.07%,quarterly
FOXA,9/1/2020,1.80%,semi-annual
FOX,9/1/2020,1.80%,semi-annual
HAL,9/1/2020,1.15%,quarterly
MYE,9/1/2020,3.40%,quarterly
MOS,9/2/2020,1.10%,quarterly
GOLF,9/3/2020,1.80%,quarterly
AE,9/3/2020,4.30%,quarterly
BRKS,9/3/2020,0.70%,quarterly
CHRW,9/3/2020,2.14%,quarterly
CBSH,9/3/2020,1.89%,quarterly
D,9/3/2020,4.61%,quarterly
FFNW,9/3/2020,4.27%,quarterly
FRME,9/3/2020,4.00%,quarterly
HBM,9/3/2020,0.40%,semi-annual
IMO,9/3/2020,4.10%,quarterly
KMB,9/3/2020,2.82%,quarterly
KNX,9/3/2020,0.70%,quarterly
MBCN,9/3/2020,3.34%,quarterly
MLR,9/3/2020,2.51%,quarterly
MLI,9/3/2020,1.43%,quarterly
NAVI,9/3/2020,7.17%,quarterly
NNA,9/3/2020,26.10%,quarterly
SNR,9/3/2020,5.60%,quarterly
OTEX,9/3/2020,1.53%,quarterly
GBDC,9/4/2020,9.40%,quarterly
PE,9/4/2020,1.79%,quarterly
AVT,9/8/2020,2.90%,quarterly
BBDC,9/8/2020,7.91%,quarterly
INSW,9/8/2020,1.40%,quarterly
STNG,9/8/2020,3.07%,quarterly
AUBN,9/9/2020,2.20%,quarterly
CME,9/9/2020,2.08%,quarterly
CNO,9/9/2020,2.90%,quarterly
FNV,9/9/2020,0.67%,quarterly
GPN,9/9/2020,0.44%,quarterly
MGM,9/9/2020,0.06%,quarterly
TU,9/9/2020,5.00%,quarterly
VFC,9/9/2020,3.17%,quarterly
VCTR,9/9/2020,1.32%,quarterly
AL,9/10/2020,2.01%,quarterly
AMSF,9/10/2020,1.70%,quarterly
ADP,9/10/2020,2.70%,quarterly
BSIG,9/10/2020,0.30%,quarterly
CAI,9/10/2020,4.98%,quarterly
CRWS,9/10/2020,5.50%,quarterly
ENS,9/10/2020,0.94%,quarterly
EXPO,9/10/2020,0.90%,quarterly
FDUS,9/10/2020,11.30%,quarterly
GARS,9/10/2020,5.67%,quarterly
ICFI,9/10/2020,0.75%,quarterly
KFRC,9/10/2020,2.10%,quarterly
OTCM,9/10/2020,1.90%,quarterly
SR,9/10/2020,4.10%,quarterly
AME,9/11/2020,0.75%,quarterly
ESCA,9/11/2020,3.20%,quarterly
KSU,9/11/2020,0.87%,quarterly
UNH,9/11/2020,1.64%,quarterly
EOD,9/11/2020,11.87%,quarterly
AMH,9/14/2020,0.69%,quarterly
ARCC,9/14/2020,11.09%,quarterly
BANC,9/14/2020,2.00%,quarterly
BCE,9/14/2020,11.76%,quarterly
BR,9/14/2020,1.68%,quarterly
CPK,9/14/2020,2.10%,quarterly
CNMD,9/14/2020,0.90%,quarterly
CCI,9/14/2020,2.93%,quarterly
DLR,9/14/2020,2.93%,quarterly
SSP,9/14/2020,1.80%,quarterly
EMN,9/14/2020,3.52%,quarterly
ECL,9/14/2020,0.97%,quarterly
EVC,9/14/2020,7.25%,quarterly
GBL,9/14/2020,0.67%,quarterly
GATX,9/14/2020,3.20%,quarterly
GILD,9/14/2020,3.76%,quarterly
HLNE,9/14/2020,1.70%,quarterly
HWBK,9/14/2020,3.00%,quarterly
HRTG,9/14/2020,1.87%,quarterly
HUN,9/14/2020,3.31%,quarterly
IRM,9/14/2020,8.54%,quarterly
KAMN,9/14/2020,1.79%,quarterly
KNL,9/14/2020,1.89%,quarterly
LEG,9/14/2020,4.03%,quarterly
LDOS,9/14/2020,1.43%,quarterly
LOGN,9/14/2020,3.78%,quarterly
MCY,9/14/2020,5.90%,quarterly
NEU,9/14/2020,2.10%,quarterly
NREF,9/14/2020,9.10%,quarterly
NXRT,9/14/2020,3.12%,quarterly
OCSL,9/14/2020,8.16%,quarterly
OCSI,9/14/2020,7.50%,quarterly
OMI,9/14/2020,0.06%,quarterly
APTS,9/14/2020,9.50%,quarterly
PSB,9/14/2020,3.02%,quarterly
PSA,9/14/2020,4.08%,quarterly
RNR,9/14/2020,0.77%,quarterly
SCI,9/14/2020,1.59%,quarterly
SCM,9/14/2020,12.50%,quarterly
TROW,9/14/2020,2.62%,quarterly
TSLX,9/14/2020,9.21%,quarterly
UCBI,9/14/2020,3.92%,quarterly
UTMD,9/14/2020,1.30%,quarterly
VRSK,9/14/2020,0.60%,quarterly
VIACA,9/14/2020,3.50%,quarterly
VIAC,9/14/2020,3.74%,quarterly
WRB,9/14/2020,0.78%,quarterly
WYND,9/14/2020,4.00%,quarterly
ARES,9/15/2020,4.00%,quarterly
TCPC,9/15/2020,12.28%,quarterly
FFIN,9/15/2020,1.70%,quarterly
FSK,9/15/2020,14.95%,quarterly
NMFC,9/15/2020,12.61%,quarterly
TDS,9/15/2020,2.91%,quarterly
OLED,9/15/2020,0.30%,quarterly
AAN,9/16/2020,0.29%,quarterly
AIG,9/16/2020,3.98%,quarterly
SLRC,9/16/2020,9.80%,quarterly
ADT,9/17/2020,1.16%,quarterly
ALRS,9/17/2020,3.00%,quarterly
CNQ,9/17/2020,6.40%,quarterly
CB,9/17/2020,2.38%,quarterly
CNSWF,9/17/2020,0.34%,quarterly
QSR,9/17/2020,3.90%,quarterly
TG,9/17/2020,2.62%,quarterly
UNIT,9/17/2020,6.02%,quarterly
VRS,9/17/2020,3.10%,quarterly
AINV,9/18/2020,12.89%,quarterly
WHF,9/18/2020,13.10%,quarterly
FRT,9/21/2020,5.55%,quarterly
OFS,9/22/2020,14.60%,quarterly
IFF,9/23/2020,2.36%,quarterly
IROQ,9/24/2020,1.80%,semi-annual
POR,9/24/2020,3.70%,quarterly
HCKT,9/24/2020,2.84%,quarterly
MERC,9/28/2020,3.60%,quarterly
TDI,9/28/2020,6.40%,quarterly
DOX,9/29/2020,2.11%,quarterly
AHH,9/29/2020,4.60%,quarterly
BCSF,9/29/2020,12.93%,quarterly
CCAP,9/29/2020,13.20%,quarterly
FR,9/29/2020,2.28%,quarterly
GBNXF,9/29/2020,6.19%,quarterly
GSBD,9/29/2020,11.10%,quarterly
ITW,9/29/2020,2.40%,quarterly
KW,9/29/2020,6.10%,quarterly
MFA,9/29/2020,7.09%,quarterly
NHC,9/29/2020,3.20%,quarterly
NTR,9/29/2020,4.68%,quarterly
OR,9/29/2020,1.25%,quarterly
ORCC,9/29/2020,10.10%,none
PRIM,9/29/2020,1.30%,quarterly
STN,9/29/2020,1.40%,quarterly
SYK,9/29/2020,1.16%,quarterly
TRP,9/29/2020,5.20%,quarterly
CGBD,9/29/2020,14.20%,none
VER,9/29/2020,4.68%,quarterly
CAH,9/30/2020,3.70%,quarterly
ESE,9/30/2020,0.35%,quarterly
FPI,9/30/2020,3.00%,quarterly
NGHC,9/30/2020,0.60%,quarterly
WIRE,10/1/2020,0.15%,quarterly
HASI,10/1/2020,3.55%,quarterly
TRNO,10/1/2020,1.88%,quarterly
ERIE,10/2/2020,1.80%,quarterly
CMCSA,10/6/2020,2.10%,quarterly
PGR,10/6/2020,0.44%,quarterly
ETH,10/7/2020,6.36%,quarterly
GD,10/8/2020,2.95%,quarterly
LOAN,10/8/2020,9.60%,quarterly
UVV,10/8/2020,7.09%,quarterly
BELFA,10/14/2020,1.90%,quarterly
BELFB,10/14/2020,2.10%,quarterly
VSEC,11/3/2020,1.21%,quarterly
AKO.A,8/20/2020,4.00%,quarterly
AKO.B,8/20/2020,4.10%,quarterly
MMM,8/21/2020,3.58%,quarterly
ALSN,8/21/2020,1.80%,quarterly
EMO,8/21/2020,10.02%,quarterly
CTR,8/21/2020,10.99%,quarterly
CEM,8/21/2020,11.09%,quarterly
JBT,8/21/2020,0.40%,quarterly
MNRO,8/21/2020,1.80%,quarterly
JHB,8/13/2020,4.20%,monthly
SNLN,8/14/2020,1.88%,monthly
PMOM,8/14/2020,65.01%,quarterly
GER,8/24/2020,8.00%,quarterly
GMZ,8/24/2020,8.30%,quarterly
NDSN,8/24/2020,0.75%,quarterly
WLK,8/24/2020,1.80%,quarterly
YUM,8/25/2020,2.03%,quarterly
PHX,8/26/2020,1.80%,quarterly
TRMD,8/26/2020,1.30%,semi-annual
CNAF,8/27/2020,5.88%,quarterly
FLO,8/27/2020,3.26%,quarterly
PH,8/27/2020,1.68%,quarterly
HQH,8/27/2020,9.08%,quarterly
HQL,8/27/2020,7.90%,quarterly
WHR,8/27/2020,2.64%,quarterly
DOW,8/28/2020,6.30%,quarterly
FDS,8/28/2020,0.90%,quarterly
MMX,8/28/2020,0.90%,quarterly
PACW,8/28/2020,5.30%,quarterly
PATK,8/28/2020,1.60%,quarterly
IPG,8/31/2020,5.43%,quarterly
LCNB,8/31/2020,4.90%,quarterly
MTB,8/31/2020,4.21%,quarterly
MLM,8/31/2020,1.04%,quarterly
RCKY,9/1/2020,2.43%,quarterly
AMCR,9/2/2020,4.10%,quarterly
HD,9/2/2020,2.08%,quarterly
LZB,9/2/2020,0.87%,quarterly
CVR,9/3/2020,1.90%,quarterly
FDX,9/3/2020,1.29%,quarterly
GPC,9/3/2020,3.35%,quarterly
TILE,9/3/2020,0.52%,quarterly
ORI,9/3/2020,5.10%,quarterly
TRST,9/3/2020,4.58%,quarterly
WM,9/3/2020,1.96%,quarterly
YY,9/3/2020,1.39%,quarterly
BPOP,9/4/2020,4.29%,quarterly
AEE,9/8/2020,2.43%,quarterly
MDU,9/9/2020,3.57%,quarterly
MPW,9/9/2020,5.63%,quarterly
CIBN,9/10/2020,2.70%,quarterly
IIIN,9/10/2020,0.70%,quarterly
ITT,9/10/2020,1.07%,quarterly
VSH,9/10/2020,2.31%,quarterly
FCAP,9/14/2020,1.63%,quarterly
VLY,9/14/2020,5.50%,quarterly
CINF,9/15/2020,3.00%,quarterly
NWSA,9/15/2020,1.30%,semi-annual
NWS,9/15/2020,1.30%,semi-annual
RNST,9/15/2020,3.50%,quarterly
SFL,9/16/2020,10.87%,quarterly
STFC,9/16/2020,2.40%,quarterly
AAP,9/17/2020,0.60%,quarterly
FLS,9/17/2020,2.47%,quarterly
SYBT,9/18/2020,2.54%,quarterly
CIB,9/28/2020,4.30%,quarterly
AQN,9/29/2020,9.04%,quarterly
OFC,9/29/2020,4.30%,quarterly
YORW,9/29/2020,1.60%,quarterly
WERN,10/2/2020,0.80%,quarterly
DGX,10/5/2020,1.87%,quarterly
